Region,total_profit
East,90503.11489999996
West,106007.07830000028
South,45835.455899999986
Central,40128.90299999989
