Category,total_sales
Technology,835505.7709999975
Furniture,732479.1092999983
"Office Supplies",702773.6880000016
